﻿Designator,Footprint,Quantity,Value,LCSC Part #
C1,0805,1,500u,
"C2, C3, C4",0805,3,0.1uF,
"C5, C6, C8",0805,3,22u,
C7,0805,1,10u,
"D1, D2, D3, D4",LED_WS2812B_PLCC4_5.0x5.0mm_P3.2mm,4,WS2812B,
"J1, J2",PinSocket_1x28_P2.54mm_Vertical,2,Conn_01x28_Socket,
J3,PinSocket_1x03_P2.54mm_Vertical,1,Conn_01x03_Socket,
J4,PinSocket_1x04_P2.54mm_Vertical,1,Conn_01x04_Socket,
J5,PinSocket_1x06_P2.54mm_Vertical,1,MAX17048,
J6,PinSocket_1x09_P2.54mm_Vertical,1,LSM6DS3TR-C,
J7,PinSocket_1x04_P2.54mm_Vertical,1,SSD1306,
L1,0805,1,1u,
R1,0805,1,330,
R2,0805,1,820k,
R3,0805,1,100k,
R4,0805,1,6.8M,
R5,0805,1,10k,
SW1,SW_DIP_SPSTx01_Slide_6.7x4.1mm_W6.73mm_P2.54mm_LowProfile_JPin,1,SW_SPST,
TP1,TestPoint_Pad_D1.5mm,1,GroundTestPoint,
TP2,TestPoint_Pad_D1.5mm,1,BattPlusTestPoint,
TP4,TestPoint_Pad_D1.5mm,1,BattMinusTestPoint,
TP5,TestPoint_Pad_D1.5mm,1,5VoltTestPoint,
TP6,TestPoint_Pad_D1.5mm,1,3.3VoltTestPoint,
TP7,TestPoint_Pad_D1.5mm,1,SDATestPoint,
TP8,TestPoint_Pad_D1.5mm,1,SCLTestPoint,
TP9,TestPoint_Pad_D1.5mm,1,GPIO8TestPoint,
U1,Texas_RWU0007A_VQFN-7_2x2mm_P0.5mm,1,TPS61022,
